{
  "timestamp": "2025-10-31 16:22:23",
  "dataset": {
    "connections": 135,
    "packets_scanned": 500000,
    "packets_sampled": 24715,
    "features": 26,
    "malicious": 30,
    "benign": 105
  },
  "best_model": "Random Forest",
  "metrics": {
    "accuracy": 0.9629629629629629,
    "roc_auc": 1.0,
    "cv_score": 0.9814814814814815
  }
}